{"cameraMode":{"drawMode":0,"name":"Shaded","section":"Shading Mode"},"sceneLighting":true,"audioPlay":false,"sceneViewState":{"showFog":true,"showMaterialUpdate":true,"showSkybox":true,"showFlares":true,"showImageEffects":true,"showParticleSystems":true},"in2DMode":false,"pivot":{"x":10.290305137634278,"y":2.299017906188965,"z":-22.783493041992189},"rotation":{"x":-0.03748736530542374,"y":0.01793464459478855,"z":0.0007027440587989986,"w":0.9992090463638306},"size":0.9981631636619568,"orthographic":false}