{"cameraMode":{"drawMode":0,"name":"Shaded","section":"Shading Mode"},"sceneLighting":false,"audioPlay":false,"sceneViewState":{"showFog":true,"showMaterialUpdate":true,"showSkybox":false,"showFlares":true,"showImageEffects":true,"showParticleSystems":true},"in2DMode":false,"pivot":{"x":1.9257811307907105,"y":4.378078460693359,"z":3.9725420475006105},"rotation":{"x":-0.0044937883503735069,"y":0.05247540771961212,"z":0.0002361438237130642,"w":0.9986130595207214},"size":10.0,"orthographic":false}