{"cameraMode":{"drawMode":0,"name":"Shaded","section":"Shading Mode"},"sceneLighting":false,"audioPlay":false,"sceneViewState":{"showFog":true,"showMaterialUpdate":true,"showSkybox":false,"showFlares":true,"showImageEffects":true,"showParticleSystems":true},"in2DMode":false,"pivot":{"x":-52.83281707763672,"y":5.797089576721191,"z":1.1378562450408936},"rotation":{"x":-0.03148200735449791,"y":0.029982078820466996,"z":0.0009364649304188788,"w":0.9990821480751038},"size":1.7082819938659669,"orthographic":false}