{"cameraMode":{"drawMode":0,"name":"Shaded","section":"Shading Mode"},"sceneLighting":false,"audioPlay":false,"sceneViewState":{"showFog":true,"showMaterialUpdate":true,"showSkybox":false,"showFlares":true,"showImageEffects":true,"showParticleSystems":true},"in2DMode":false,"pivot":{"x":-54.13999938964844,"y":12.065999984741211,"z":0.0},"rotation":{"x":0.05222165957093239,"y":0.10322710871696472,"z":-0.0052567655220627789,"w":0.9934629201889038},"size":1.9492727518081666,"orthographic":false}