{"cameraMode":{"drawMode":0,"name":"Shaded","section":"Shading Mode"},"sceneLighting":false,"audioPlay":false,"sceneViewState":{"showFog":true,"showMaterialUpdate":true,"showSkybox":false,"showFlares":true,"showImageEffects":true,"showParticleSystems":true},"in2DMode":false,"pivot":{"x":-0.3646393120288849,"y":0.5767340660095215,"z":-0.20152263343334199},"rotation":{"x":-0.01799953728914261,"y":-3.9808577412259185e-7,"z":0.00002227422191936057,"w":0.9998809099197388},"size":1.0911648273468018,"orthographic":false}